utm,lon,lat,presence
25SFD3,-31.1,39.7,0
25SFD4,-31.2,39.44,0
26SLH1,-28.7,38.58,0
26SLH4,-28.3,38.46,0
26SMH2,-28.05,38.66,0
26SMH4,-27.22,38.71,0
26SMJ2,-28.05,39.05,0
26SPF3,-25.11,36.97,0
26SPG1,-25.45,37.75,0
27VVL1,-22.52,63.79,0
27VVL3,-21.51,63.8,0
27VWL1,-20.49,63.8,0
27VWL2,-20.5,63.35,0
27VWL3,-19.48,63.79,0
27VWL4,-19.5,63.34,0
27VXL1,-18.49,63.78,0
27VXL2,-18.5,63.33,0
27WUM3,-23.58,65.57,0
27WUN3,-23.55,64.85,0
27WUP4,-23.6,66.02,0
27WVM1,-22.57,64.69,0
27WVM3,-21.52,64.7,0
27WVM4,-21.52,64.25,0
27WVN1,-22.63,65.59,0
27WVN2,-22.6,65.14,0
27WVN3,-21.54,65.59,0
27WVN4,-21.53,65.15,0
27WVP1,-22.69,66.48,0
27WVP2,-22.66,66.03,0
27WVP4,-21.55,66.04,0
27WWM1,-20.48,64.7,0
27WWM2,-20.48,64.25,0
27WWN1,-20.46,65.59,0
27WWN2,-20.47,65.15,0
27WWN3,-19.37,65.59,0
27WWN4,-19.4,65.14,0
27WWP4,-19.35,66.03,0
27WXM1,-18.45,64.68,0
27WXM2,-18.47,64.23,0
27WXN1,-18.42,65.57,0
27WXN2,-18.43,65.12,0
27WXP1,-18.38,66.47,0
27WXP2,-18.4,66.02,0
28SCA3,-16.5,32.4,0
28SDU1,-16,30,0
28VCR3,-17.52,63.78,0
28VDR1,-16.52,63.79,0
28WCS3,-17.55,64.68,0
28WCT3,-17.58,65.57,0
28WCT4,-17.57,65.12,0
28WCU4,-17.6,66.02,0
28WDS1,-16.57,64.69,0
28WDS2,-16.55,64.24,0
28WDS3,-15.52,64.7,0
28WDS4,-15.52,64.25,0
28WDT1,-16.63,65.59,0
28WDT2,-16.6,65.14,0
28WDT3,-15.54,65.59,0
28WDT4,-15.53,65.15,0
28WDU1,-16.69,66.48,0
28WDU2,-16.66,66.03,0
28WDU4,-15.55,66.04,0
28WES1,-14.48,64.7,0
28WET1,-14.46,65.59,0
28WET2,-14.47,65.15,0
29SMC3,-9.29,38.62,1
29SMD3,-9.29,39.52,1
29SMD4,-9.29,39.07,1
29SME4,-9.29,39.97,1
29SNA1,-8.72,36.82,1
29SNA3,-8.16,36.82,0
29SNB1,-8.72,37.72,1
29SNB2,-8.72,37.27,1
29SNB3,-8.15,37.72,1
29SNB4,-8.15,37.27,1
29SNC1,-8.71,38.62,1
29SNC2,-8.72,38.17,1
29SNC3,-8.14,38.62,1
29SNC4,-8.14,38.17,1
29SND1,-8.71,39.52,1
29SND2,-8.71,39.07,1
29SND3,-8.13,39.52,1
29SND4,-8.13,39.07,1
29SNE2,-8.71,39.97,1
29SNE4,-8.12,39.97,1
29SPA1,-7.6,36.81,0
29SPB1,-7.58,37.71,1
29SPB2,-7.59,37.26,1
29SPB3,-7.02,37.7,1
29SPB4,-7.03,37.25,1
29SPC1,-7.56,38.61,1
29SPC2,-7.57,38.16,1
29SPC3,-6.99,38.61,1
29SPC4,-7,38.16,1
29SPD1,-7.55,39.52,1
29SPD2,-7.56,39.06,0
29SPD3,-6.97,39.51,1
29SPD4,-6.98,39.06,1
29SPE2,-7.54,39.97,1
29SPE4,-6.95,39.96,1
29SQA1,-6.38,36.79,1
29SQA2,-6.39,36.34,1
29SQB1,-6.37,37.69,1
29SQB2,-6.37,37.24,1
29SQC1,-6.35,38.59,1
29SQC2,-6.36,38.14,1
29SQD1,-6.34,39.49,1
29SQD2,-6.34,39.04,1
29SQE2,-6.33,39.94,1
29TMH3,-9.31,43.13,1
29TMH4,-9.31,42.68,0
29TNE1,-8.71,40.42,1
29TNE3,-8.12,40.42,1
29TNF1,-8.7,41.33,0
29TNF2,-8.7,40.88,1
29TNF3,-8.1,41.32,1
29TNF4,-8.11,40.87,1
29TNG1,-8.7,42.23,1
29TNG2,-8.7,41.78,1
29TNG3,-8.09,42.22,1
29TNG4,-8.1,41.77,1
29TNH1,-8.69,43.13,1
29TNH2,-8.7,42.68,1
29TNH3,-8.08,43.12,1
29TNH4,-8.09,42.67,1
29TNJ2,-8.69,43.58,1
29TNJ4,-8.07,43.57,1
29TPE1,-7.53,40.42,1
29TPE3,-6.94,40.41,1
29TPF1,-7.51,41.32,1
29TPF2,-7.52,40.87,1
29TPF3,-6.91,41.31,1
29TPF4,-6.92,40.86,1
29TPG1,-7.49,42.22,1
29TPG2,-7.5,41.77,1
29TPG3,-6.88,42.21,1
29TPG4,-6.9,41.76,1
29TPH1,-7.46,43.12,1
29TPH2,-7.48,42.67,1
29TPH3,-6.85,43.11,1
29TPH4,-6.87,42.66,1
29TPJ2,-7.45,43.57,1
29TPJ4,-6.83,43.56,1
29TQE1,-6.32,40.39,1
29TQF1,-6.31,41.29,1
29TQF2,-6.31,40.84,1
29TQG1,-6.29,42.19,1
29TQG2,-6.3,41.74,1
29TQH1,-6.27,43.09,1
29TQH2,-6.28,42.64,1
29TQJ2,-6.26,43.54,1
29UMA2,-10.15,54.37,0
29UMA4,-9.39,54.37,0
29UMT1,-10.1,52.12,0
29UMT2,-10.09,51.67,0
29UMT3,-9.37,52.12,0
29UMT4,-9.36,51.67,0
29UMU2,-10.11,52.57,0
29UMU3,-9.37,53.02,0
29UMU4,-9.37,52.57,0
29UMV1,-10.14,53.92,0
29UMV2,-10.13,53.47,0
29UMV3,-9.38,53.92,0
29UMV4,-9.38,53.47,0
29UNA1,-8.61,54.82,0
29UNA2,-8.62,54.37,0
29UNA3,-7.83,54.82,0
29UNA4,-7.85,54.37,0
29UNB4,-7.82,55.26,0
29UNT1,-8.64,52.12,0
29UNT2,-8.64,51.67,0
29UNT3,-7.91,52.12,0
29UNU1,-8.63,53.02,0
29UNU2,-8.63,52.57,0
29UNU3,-7.88,53.02,0
29UNU4,-7.89,52.57,0
29UNV1,-8.62,53.92,0
29UNV2,-8.62,53.47,0
29UNV3,-7.86,53.92,0
29UNV4,-7.87,53.47,0
29UPA1,-7.06,54.81,0
29UPA2,-7.08,54.36,0
29UPA3,-6.33,54.79,0
29UPA4,-6.35,54.34,0
29UPB2,-7.03,55.25,0
29UPB3,-6.31,55.69,0
29UPB4,-6.32,55.24,0
29UPR4,-6.46,49.85,0
29UPT1,-7.18,52.11,0
29UPU1,-7.14,53.01,0
29UPU2,-7.16,52.56,0
29UPU3,-6.38,52.99,0
29UPU4,-6.39,52.54,0
29UPV1,-7.1,53.91,0
29UPV2,-7.12,53.46,0
29UPV3,-6.36,53.89,0
29UPV4,-6.37,53.44,0
29VND3,-7.75,57.51,0
29VND4,-7.76,57.06,0
29VPC1,-6.96,56.6,0
29VPC3,-6.28,56.59,0
29VPC4,-6.29,56.14,0
29VPD1,-6.91,57.5,0
29VPD2,-6.94,57.05,0
29VPD4,-6.26,57.04,0
29VPE1,-6.86,58.4,0
29VPE2,-6.89,57.95,0
29VPE3,-6,58.39,0
29VPE4,-6,57.94,0
29VPJ1,-6.75,61.72,0
29VPK2,-6.98,62.16,0
29XJM1,-8.45,70.97,0
30STF3,-5.62,36.79,1
30STG3,-5.63,37.69,1
30STH3,-5.65,38.59,1
30STH4,-5.64,38.14,1
30STJ3,-5.66,39.49,1
30STJ4,-5.66,39.04,1
30STK4,-5.67,39.94,1
30SUF1,-4.96,36.8,1
30SUF3,-4.4,36.81,1
30SUG1,-4.99,37.7,1
30SUG2,-4.97,37.25,1
30SUG3,-4.42,37.71,1
30SUG4,-4.41,37.26,1
30SUH1,-5.01,38.61,1
30SUH2,-5,38.16,1
30SUH3,-4.44,38.61,1
30SUH4,-4.43,38.16,1
30SUJ1,-5.04,39.51,1
30SUJ2,-5.02,39.06,1
30SUJ3,-4.45,39.52,1
30SUJ4,-4.45,39.06,1
30SUK2,-5.05,39.96,1
30SUK4,-4.46,39.97,1
30SVF1,-3.84,36.82,1
30SVF3,-3.28,36.82,1
30SVG1,-3.85,37.72,1
30SVG2,-3.85,37.27,1
30SVG3,-3.28,37.72,1
30SVG4,-3.28,37.27,1
30SVH1,-3.86,38.62,1
30SVH2,-3.86,38.17,1
30SVH3,-3.29,38.62,1
30SVJ1,-3.87,39.52,0
30SVJ2,-3.87,39.07,0
30SVJ4,-3.29,39.07,1
30SVK2,-3.88,39.97,0
30SVK4,-3.29,39.97,1
30SWF1,-2.72,36.82,1
30SWF3,-2.16,36.82,0
30SWG1,-2.72,37.72,1
30SWG2,-2.72,37.27,1
30SWG3,-2.15,37.72,1
30SWH1,-2.71,38.62,1
30SWH2,-2.72,38.17,1
30SWH3,-2.14,38.62,1
30SWH4,-2.14,38.17,1
30SWJ2,-2.71,39.07,1
30SWJ4,-2.13,39.07,1
30SWK2,-2.71,39.97,1
30SWK4,-2.12,39.97,1
30SXG1,-1.58,37.71,1
30SXG2,-1.59,37.26,0
30SXG3,-1.02,37.7,1
30SXH2,-1.57,38.16,1
30SXH3,-0.99,38.61,1
30SXH4,-1,38.16,1
30SXJ1,-1.55,39.52,1
30SXJ3,-0.97,39.51,1
30SXJ4,-0.98,39.06,1
30SXK2,-1.54,39.97,1
30SXK4,-0.95,39.96,1
30SYG1,-0.37,37.69,0
30SYH1,-0.35,38.59,1
30SYH2,-0.36,38.14,1
30SYJ1,-0.34,39.49,1
30SYJ2,-0.34,39.04,1
30SYK2,-0.33,39.94,1
30TTK3,-5.68,40.39,1
30TTL3,-5.69,41.29,1
30TTL4,-5.69,40.84,1
30TTM3,-5.71,42.19,1
30TTM4,-5.7,41.74,1
30TTN3,-5.73,43.09,1
30TTN4,-5.72,42.64,1
30TTP4,-5.74,43.54,1
30TUK1,-5.06,40.41,1
30TUK3,-4.47,40.42,1
30TUL1,-5.09,41.31,1
30TUL2,-5.08,40.86,1
30TUL3,-4.49,41.32,1
30TUL4,-4.48,40.87,1
30TUM1,-5.12,42.21,1
30TUM2,-5.11,41.76,1
30TUM3,-4.51,42.22,1
30TUM4,-4.5,41.77,1
30TUN1,-5.15,43.11,1
30TUN2,-5.14,42.66,1
30TUN3,-4.54,43.12,1
30TUN4,-4.53,42.67,1
30TUP2,-5.17,43.56,1
30TUP4,-4.55,43.57,1
30TVK1,-3.88,40.42,1
30TVK3,-3.3,40.42,1
30TVL1,-3.9,41.32,1
30TVL2,-3.89,40.87,1
30TVL3,-3.3,41.33,1
30TVL4,-3.3,40.88,1
30TVM1,-3.91,42.22,1
30TVM2,-3.9,41.77,1
30TVM3,-3.3,42.23,1
30TVM4,-3.3,41.78,1
30TVN1,-3.92,43.12,1
30TVN2,-3.92,42.67,1
30TVN3,-3.31,43.13,1
30TVN4,-3.31,42.68,1
30TVP2,-3.93,43.57,1
30TVP4,-3.31,43.58,1
30TVT1,-4,47.62,1
30TVT3,-3.33,47.63,1
30TVT4,-3.33,47.18,1
30TWK1,-2.71,40.42,1
30TWK3,-2.12,40.42,1
30TWL1,-2.7,41.33,1
30TWL2,-2.7,40.88,1
30TWL3,-2.1,41.32,1
30TWL4,-2.11,40.87,1
30TWM1,-2.7,42.23,1
30TWM2,-2.7,41.78,1
30TWM3,-2.09,42.22,1
30TWM4,-2.1,41.77,1
30TWN1,-2.69,43.13,1
30TWN2,-2.7,42.68,1
30TWN3,-2.08,43.12,1
30TWN4,-2.09,42.67,1
30TWP2,-2.69,43.58,1
30TWP4,-2.07,43.57,1
30TWS3,-2.02,46.72,1
30TWT1,-2.67,47.63,1
30TWT2,-2.67,47.18,1
30TWT3,-2,47.62,1
30TWT4,-2.01,47.17,1
30TXK1,-1.53,40.42,1
30TXK3,-0.94,40.41,1
30TXL1,-1.51,41.32,1
30TXL2,-1.52,40.87,1
30TXL3,-0.91,41.31,1
30TXL4,-0.92,40.86,1
30TXM1,-1.49,42.22,1
30TXM2,-1.5,41.77,1
30TXM3,-0.88,42.21,1
30TXM4,-0.9,41.76,1
30TXN1,-1.46,43.12,1
30TXN2,-1.48,42.67,1
30TXN3,-0.85,43.11,1
30TXN4,-0.87,42.66,1
30TXP1,-1.44,44.02,1
30TXP2,-1.45,43.57,1
30TXP3,-0.82,44.01,1
30TXP4,-0.83,43.56,1
30TXQ1,-1.42,44.92,1
30TXQ2,-1.43,44.47,1
30TXQ3,-0.78,44.91,1
30TXQ4,-0.8,44.46,1
30TXR1,-1.39,45.82,1
30TXR2,-1.4,45.37,1
30TXR3,-0.75,45.81,1
30TXR4,-0.77,45.36,1
30TXS1,-1.37,46.72,1
30TXS2,-1.38,46.27,1
30TXS3,-0.71,46.7,1
30TXS4,-0.73,46.26,0
30TXT1,-1.34,47.62,1
30TXT2,-1.35,47.17,1
30TXT3,-0.67,47.6,1
30TXT4,-0.69,47.15,1
30TYK1,-0.32,40.39,1
30TYL1,-0.31,41.29,1
30TYL2,-0.31,40.84,1
30TYM1,-0.29,42.19,1
30TYM2,-0.3,41.74,1
30TYN1,-0.27,43.09,1
30TYN2,-0.28,42.64,1
30TYP1,-0.25,43.99,1
30TYP2,-0.26,43.54,1
30TYQ1,-0.23,44.89,1
30TYQ2,-0.24,44.44,0
30TYR1,-0.21,45.79,1
30TYR2,-0.22,45.34,1
30TYS1,0,46.7,1
30TYS2,0,46.25,0
30TYT1,0,47.6,1
30TYT2,0,47.15,1
30UUA2,-5.55,50.13,0
30UUA3,-4.76,50.31,1
30UUB4,-4.77,50.76,0
30UUC3,-4.83,52.11,0
30UUC4,-4.81,51.66,0
30UUD3,-4.86,53.01,0
30UUE3,-5.67,54.79,0
30UUF1,-5.65,54.34,0
30UUF2,-4.95,54.81,0
30UUF3,-4.55,54.21,0
30UUG1,-5.69,55.69,0
30UUG2,-5.68,55.24,0
30UUG3,-4.99,55.7,0
30UUG4,-4.97,55.25,0
30UUU3,-4.69,48.51,1
30UUU4,-4.68,48.06,1
30UVA1,-4.05,50.32,1
30UVB1,-4.07,51.22,0
30UVB2,-4.06,50.77,0
30UVB3,-3.36,51.22,0
30UVB4,-3.36,50.78,1
30UVC1,-4.1,52.12,0
30UVC2,-4.09,51.67,0
30UVC3,-3.37,52.12,0
30UVC4,-3.36,51.67,0
30UVD1,-4.12,53.02,0
30UVD2,-4.11,52.57,0
30UVD3,-3.37,53.02,0
30UVD4,-3.37,52.57,0
30UVE4,-3.38,53.47,0
30UVF1,-4.17,54.82,0
30UVF3,-3.39,54.82,0
30UVF4,-3.39,54.37,0
30UVG1,-4.19,55.71,0
30UVG2,-4.18,55.26,0
30UVG3,-3.4,55.72,0
30UVG4,-3.39,55.27,0
30UVU1,-4.02,48.52,1
30UVU2,-4.01,48.07,1
30UVU3,-3.34,48.53,1
30UVU4,-3.34,48.08,1
30UVV4,-3.34,48.98,1
30UWB1,-2.64,51.22,0
30UWB2,-2.65,50.78,1
30UWB3,-1.93,51.22,0
30UWB4,-1.94,50.77,1
30UWC1,-2.64,52.12,0
30UWC2,-2.64,51.67,0
30UWC3,-1.91,52.12,0
30UWC4,-1.92,51.67,0
30UWD1,-2.63,53.02,0
30UWD2,-2.63,52.57,0
30UWD3,-1.88,53.02,0
30UWD4,-1.89,52.57,0
30UWE1,-2.62,53.92,0
30UWE2,-2.62,53.47,0
30UWE3,-1.86,53.92,0
30UWE4,-1.87,53.47,0
30UWF1,-2.61,54.82,0
30UWF2,-2.62,54.37,0
30UWF3,-1.83,54.82,0
30UWF4,-1.85,54.37,0
30UWG1,-2.6,55.72,0
30UWG2,-2.61,55.27,0
30UWG4,-1.82,55.26,0
30UWU1,-2.66,48.53,1
30UWU2,-2.66,48.08,1
30UWU3,-1.98,48.52,1
30UWU4,-1.99,48.07,1
30UWV1,-2.66,49.43,1
30UWV3,-1.97,49.42,1
30UWV4,-1.98,48.97,1
30UXB1,-1.21,51.21,1
30UXB2,-1.23,50.76,1
30UXB3,-0.43,51.2,1
30UXB4,-0.44,50.75,0
30UXC1,-1.18,52.11,0
30UXC2,-1.19,51.66,0
30UXC3,-0.41,52.1,0
30UXC4,-0.42,51.65,0
30UXD1,-1.14,53.01,0
30UXD2,-1.16,52.56,0
30UXD3,-0.38,52.99,0
30UXD4,-0.39,52.54,0
30UXE1,-1.1,53.91,0
30UXE2,-1.12,53.46,0
30UXE3,-0.36,53.89,0
30UXE4,-0.37,53.44,0
30UXF2,-1.08,54.36,0
30UXU1,-1.31,48.51,1
30UXU2,-1.32,48.06,1
30UXU3,-0.63,48.5,0
30UXU4,-0.65,48.05,1
30UXV1,-1.28,49.41,1
30UXV2,-1.29,48.96,1
30UXV3,-0.47,49.4,1
30UXV4,-0.48,48.95,0
30UYU1,0,48.5,1
30UYU2,0,48.05,1
30VUH1,-5.72,56.59,0
30VUH2,-5.71,56.14,0
30VUH3,-5.04,56.6,0
30VUH4,-5.01,56.15,0
30VUJ1,-5.75,57.49,0
30VUJ2,-5.74,57.04,0
30VUJ3,-5.09,57.5,0
30VUJ4,-5.06,57.05,0
30VUK3,-5.14,58.4,0
30VUK4,-5.11,57.95,0
30VVH1,-4.22,56.61,0
30VVH2,-4.21,56.16,0
30VVH3,-3.41,56.62,0
30VVH4,-3.4,56.17,0
30VVJ1,-4.25,57.51,0
30VVJ2,-4.24,57.06,0
30VVJ3,-3.42,57.51,0
30VVJ4,-3.41,57.07,0
30VVK1,-4.28,58.41,0
30VVK2,-4.27,57.96,0
30VVK3,-3.43,58.41,0
30VVK4,-3.42,57.96,0
30VVL3,-3.44,59.31,0
30VVL4,-3.43,58.86,0
30VWH1,-2.59,56.62,0
30VWH2,-2.6,56.17,0
30VWJ1,-2.58,57.51,0
30VWJ2,-2.59,57.07,0
30VWJ3,-1.75,57.51,0
30VWL1,-2.56,59.31,0
30VWL2,-2.57,58.86,0
30VWM3,-1.65,60.2,0
30VWM4,-1.67,59.75,0
30VWN4,-1.63,60.65,0
30VXN2,-0.59,60.64,0
31SBC3,0.35,38.59,1
31SBD4,0.34,39.04,1
31SBE4,0.33,39.94,1
31SCC3,1.56,38.61,0
31SCD2,0.98,39.06,0
31SCE2,0.95,39.96,0
31SDD1,2.13,39.52,0
31SDD3,2.71,39.52,0
31SDD4,2.71,39.07,0
31SDE4,2.71,39.97,0
31SED1,3.29,39.52,0
31SED2,3.29,39.07,0
31SEE2,3.29,39.97,0
31SEE4,4.09,39.99,1
31SFE2,4.46,39.97,1
31TBE3,0.32,40.39,1
31TBF3,0.31,41.29,1
31TBF4,0.31,40.84,1
31TBG3,0.29,42.19,1
31TBG4,0.3,41.74,1
31TBH3,0.27,43.09,0
31TBH4,0.28,42.64,1
31TBJ3,0.25,43.99,1
31TBJ4,0.26,43.54,0
31TBK3,0.23,44.89,1
31TBK4,0.24,44.44,1
31TBL3,0.21,45.79,1
31TBL4,0.22,45.34,1
31TCE3,1.53,40.42,0
31TCF1,0.91,41.31,1
31TCF2,0.92,40.86,1
31TCF3,1.51,41.32,1
31TCG1,0.88,42.21,1
31TCG2,0.9,41.76,1
31TCG3,1.49,42.22,1
31TCG4,1.5,41.77,1
31TCH1,0.85,43.11,0
31TCH2,0.87,42.66,1
31TCH3,1.46,43.12,1
31TCH4,1.48,42.67,1
31TCJ1,0.82,44.01,1
31TCJ2,0.83,43.56,1
31TCJ3,1.44,44.02,1
31TCJ4,1.45,43.57,1
31TCK1,0.78,44.91,1
31TCK2,0.8,44.46,1
31TCK3,1.42,44.92,0
31TCK4,1.43,44.47,1
31TCL1,0.75,45.81,1
31TCL2,0.77,45.36,1
31TCL3,1.39,45.82,1
31TCL4,1.4,45.37,1
31TCM1,0.71,46.7,1
31TCM2,0.73,46.26,0
31TCM3,1.37,46.72,1
31TCM4,1.38,46.27,0
31TCN1,0.67,47.6,1
31TCN2,0.69,47.15,1
31TCN3,1.34,47.62,1
31TCN4,1.35,47.17,0
31TDF1,2.1,41.32,1
31TDG1,2.09,42.22,1
31TDG2,2.1,41.77,1
31TDG3,2.7,42.23,1
31TDG4,2.7,41.78,1
31TDH1,2.08,43.12,1
31TDH2,2.09,42.67,1
31TDH3,2.69,43.13,1
31TDH4,2.7,42.68,1
31TDJ1,2.06,44.02,1
31TDJ2,2.07,43.57,1
31TDJ3,2.69,44.03,1
31TDJ4,2.69,43.58,1
31TDK1,2.05,44.92,0
31TDK2,2.06,44.47,1
31TDK3,2.68,44.93,0
31TDK4,2.69,44.48,0
31TDL1,2.04,45.82,0
31TDL2,2.04,45.37,0
31TDL3,2.68,45.83,0
31TDL4,2.68,45.38,0
31TDM1,2.02,46.72,0
31TDM2,2.03,46.27,0
31TDM3,2.67,46.73,1
31TDM4,2.68,46.28,0
31TDN1,2,47.62,1
31TDN2,2.01,47.17,0
31TDN3,2.67,47.63,1
31TDN4,2.67,47.18,0
31TEG1,3.3,42.23,1
31TEG2,3.3,41.78,0
31TEH1,3.31,43.13,1
31TEH2,3.31,42.68,1
31TEJ1,3.31,44.03,1
31TEJ2,3.31,43.58,1
31TEJ3,3.94,44.02,1
31TEJ4,3.93,43.57,1
31TEK1,3.32,44.93,0
31TEK2,3.31,44.48,1
31TEK3,3.95,44.92,1
31TEK4,3.94,44.47,1
31TEL1,3.32,45.83,0
31TEL2,3.32,45.38,0
31TEL3,3.97,45.82,0
31TEL4,3.96,45.37,0
31TEM1,3.33,46.73,0
31TEM2,3.32,46.28,0
31TEM3,3.98,46.72,0
31TEM4,3.97,46.27,0
31TEN1,3.33,47.63,0
31TEN2,3.33,47.18,0
31TEN3,4,47.62,0
31TEN4,3.99,47.17,0
31TFJ1,4.56,44.02,1
31TFJ2,4.55,43.57,1
31TFJ3,5.18,44.01,1
31TFJ4,5.17,43.56,1
31TFK1,4.58,44.92,1
31TFK2,4.57,44.47,1
31TFK3,5.22,44.91,1
31TFK4,5.2,44.46,1
31TFL1,4.61,45.82,0
31TFL2,4.6,45.37,0
31TFL3,5.25,45.81,0
31TFL4,5.23,45.36,0
31TFM1,4.64,46.72,0
31TFM2,4.62,46.27,0
31TFM3,5.29,46.7,0
31TFM4,5.27,46.26,0
31TFN1,4.66,47.62,0
31TFN2,4.65,47.17,0
31TFN3,5.33,47.6,0
31TFN4,5.31,47.15,0
31TGH1,5.73,43.09,1
31TGJ1,5.75,43.99,1
31TGJ2,5.74,43.54,1
31TGK1,5.77,44.89,0
31TGK2,5.76,44.44,1
31TGL1,5.79,45.79,0
31TGL2,5.78,45.34,0
31TGM1,6,46.7,0
31TGM2,6,46.25,0
31TGN1,6,47.6,0
31TGN2,6,47.15,0
31UCP1,0.63,48.5,0
31UCP2,0.65,48.05,1
31UCP3,1.31,48.51,0
31UCP4,1.32,48.06,1
31UCQ1,0.47,49.4,1
31UCQ2,0.48,48.95,0
31UCQ3,1.28,49.41,0
31UCQ4,1.29,48.96,0
31UCR2,0.46,49.85,0
31UCR4,1.26,49.86,0
31UCS1,0.43,51.2,0
31UCS2,0.44,50.75,0
31UCS3,1.21,51.21,0
31UCS4,1.23,50.76,0
31UCT1,0.41,52.1,0
31UCT2,0.42,51.65,0
31UCT3,1.18,52.11,0
31UCT4,1.19,51.66,0
31UCU1,0.38,52.99,0
31UCU2,0.39,52.54,0
31UCU3,1.14,53.01,0
31UCU4,1.16,52.56,0
31UCV2,0.37,53.44,0
31UDP1,1.98,48.52,0
31UDP2,1.99,48.07,1
31UDP3,2.66,48.53,1
31UDP4,2.66,48.08,1
31UDQ1,1.97,49.42,0
31UDQ2,1.98,48.97,0
31UDQ3,2.66,49.43,0
31UDQ4,2.66,48.98,0
31UDR1,1.95,50.32,0
31UDR2,1.96,49.87,0
31UDR3,2.65,50.33,0
31UDR4,2.65,49.88,0
31UDS2,1.94,50.77,0
31UDS3,2.64,51.22,0
31UDS4,2.65,50.78,0
31UDU2,1.89,52.57,0
31UEP1,3.34,48.53,0
31UEP2,3.34,48.08,0
31UEP3,4.02,48.52,0
31UEP4,4.01,48.07,0
31UEQ1,3.35,49.43,0
31UEQ2,3.34,48.98,0
31UEQ3,4.03,49.42,0
31UEQ4,4.03,48.97,0
31UER1,3.35,50.33,0
31UER2,3.35,49.88,0
31UER3,4.05,50.32,0
31UER4,4.04,49.87,0
31UES1,3.36,51.22,0
31UES2,3.36,50.78,0
31UES3,4.07,51.22,0
31UES4,4.06,50.77,0
31UET2,3.36,51.67,0
31UET3,4.1,52.12,0
31UET4,4.09,51.67,0
31UFP1,4.69,48.51,0
31UFP2,4.68,48.06,0
31UFP3,5.37,48.5,0
31UFP4,5.35,48.05,0
31UFQ1,4.72,49.41,0
31UFQ2,4.71,48.96,0
31UFQ3,5.53,49.4,0
31UFQ4,5.53,48.95,0
31UFR1,4.76,50.31,0
31UFR2,4.74,49.86,0
31UFR3,5.55,50.3,0
31UFR4,5.54,49.85,0
31UFS1,4.79,51.21,0
31UFS2,4.77,50.76,0
31UFS3,5.57,51.2,0
31UFS4,5.56,50.75,0
31UFT1,4.83,52.11,0
31UFT2,4.81,51.66,0
31UFT3,5.6,52.1,0
31UFT4,5.58,51.65,0
31UFU1,4.86,53.01,0
31UFU2,4.84,52.56,0
31UFU3,5.62,52.99,0
31UFU4,5.61,52.54,0
31UFV2,4.88,53.46,0
31UFV4,5.63,53.44,0
31UGP1,6,48.5,0
31UGP2,6,48.05,0
31VFE3,6,58.38,0
31VFF1,5.2,59.29,0
31VFF2,5.17,58.85,0
31VFF3,6,59.28,0
31VFF4,6,58.83,0
31VFG1,5.4,60.19,0
31VFG2,5.39,59.74,0
31VFH1,5.43,61.09,0
31VFH2,5.41,60.64,0
31VFJ1,5.45,61.98,0
31VFJ2,5.44,61.53,0
31VFK2,5.47,62.43,0
32SMJ1,8.13,39.52,0
32SMJ2,8.13,39.07,1
32SMJ3,8.71,39.52,1
32SMJ4,8.71,39.07,1
32SMK4,8.71,39.97,1
32SNJ1,9.29,39.52,1
32SNJ2,9.29,39.07,1
32SNK2,9.29,39.97,1
32SNK4,9.88,39.97,1
32SQF1,12,36.8,1
32TKN3,6.27,43.09,1
32TKP3,6.25,43.99,1
32TKP4,6.26,43.54,1
32TKQ3,6.23,44.89,0
32TKQ4,6.24,44.44,0
32TKR3,6.21,45.79,0
32TKR4,6.22,45.34,0
32TLN1,6.85,43.11,1
32TLP1,6.82,44.01,1
32TLP2,6.83,43.56,1
32TLP3,7.44,44.02,1
32TLP4,7.45,43.57,1
32TLQ1,6.78,44.91,0
32TLQ2,6.8,44.46,0
32TLQ3,7.42,44.92,0
32TLQ4,7.43,44.47,0
32TLR1,6.75,45.81,0
32TLR2,6.77,45.36,0
32TLR3,7.39,45.82,0
32TLR4,7.4,45.37,0
32TLS1,6.71,46.7,0
32TLS2,6.73,46.26,0
32TLS3,7.37,46.72,0
32TLS4,7.38,46.27,0
32TLT1,6.67,47.6,0
32TLT2,6.69,47.15,0
32TLT3,7.34,47.62,0
32TLT4,7.35,47.17,0
32TMK1,8.12,40.42,1
32TMK3,8.71,40.42,1
32TML1,8.1,41.32,0
32TML2,8.11,40.87,1
32TML3,8.7,41.33,1
32TML4,8.7,40.88,1
32TMM3,8.7,42.23,1
32TMM4,8.7,41.78,1
32TMN2,8.09,42.67,0
32TMN4,8.7,42.68,1
32TMP1,8.06,44.02,1
32TMQ1,8.05,44.92,0
32TMQ2,8.06,44.47,0
32TMQ3,8.68,44.93,1
32TMQ4,8.69,44.48,1
32TMR1,8.04,45.82,0
32TMR2,8.04,45.37,0
32TMR3,8.68,45.83,0
32TMR4,8.68,45.38,0
32TMS1,8.02,46.72,0
32TMS2,8.03,46.27,0
32TMS3,8.67,46.73,0
32TMS4,8.68,46.28,0
32TMT1,8,47.62,0
32TMT2,8.01,47.17,0
32TMT3,8.67,47.63,0
32TMT4,8.67,47.18,0
32TNK1,9.3,40.42,1
32TNK3,9.88,40.42,1
32TNL1,9.3,41.33,1
32TNL2,9.3,40.88,1
32TNL4,9.89,40.87,1
32TNM1,9.3,42.23,1
32TNM2,9.3,41.78,1
32TNN1,9.31,43.13,0
32TNN2,9.31,42.68,1
32TNN3,9.92,43.12,1
32TNN4,9.92,42.67,1
32TNP1,9.31,44.03,1
32TNP3,9.94,44.02,0
32TNQ1,9.32,44.93,0
32TNQ2,9.31,44.48,1
32TNQ3,9.95,44.92,0
32TNQ4,9.94,44.47,0
32TNR1,9.32,45.83,0
32TNR2,9.32,45.38,0
32TNR3,9.97,45.82,0
32TNR4,9.96,45.37,0
32TNS1,9.33,46.73,0
32TNS2,9.32,46.28,0
32TNS3,9.98,46.72,0
32TNS4,9.97,46.27,0
32TNT1,9.33,47.63,0
32TNT2,9.33,47.18,0
32TNT3,10,47.62,0
32TNT4,9.99,47.17,0
32TPM1,10.51,42.22,1
32TPM3,11.12,42.21,1
32TPN1,10.54,43.12,0
32TPN2,10.53,42.67,1
32TPN3,11.15,43.11,1
32TPN4,11.14,42.66,0
32TPP1,10.56,44.02,0
32TPP2,10.55,43.57,1
32TPP3,11.18,44.01,1
32TPP4,11.17,43.56,1
32TPQ1,10.58,44.92,0
32TPQ2,10.57,44.47,0
32TPQ3,11.22,44.91,0
32TPQ4,11.2,44.46,0
32TPR1,10.61,45.82,0
32TPR2,10.6,45.37,0
32TPR3,11.25,45.81,0
32TPR4,11.23,45.36,0
32TPS1,10.64,46.72,0
32TPS2,10.62,46.27,0
32TPS3,11.29,46.7,0
32TPS4,11.27,46.26,0
32TPT1,10.66,47.62,0
32TPT2,10.65,47.17,0
32TPT3,11.33,47.6,0
32TPT4,11.31,47.15,0
32TQM1,11.71,42.19,1
32TQN1,11.73,43.09,0
32TQN2,11.72,42.64,1
32TQP1,11.75,43.99,0
32TQP2,11.74,43.54,1
32TQQ1,11.77,44.89,0
32TQQ2,11.76,44.44,0
32TQR1,11.79,45.79,0
32TQS1,12,46.7,0
32TQS2,12,46.25,0
32TQT1,12,47.6,0
32TQT2,12,47.15,0
32ULA1,6.45,50.3,0
32ULA2,6.46,49.85,0
32ULA3,7.24,50.31,0
32ULA4,7.26,49.86,0
32ULB1,6.43,51.2,0
32ULB2,6.44,50.75,0
32ULB3,7.21,51.21,0
32ULB4,7.23,50.76,0
32ULC1,6.41,52.1,0
32ULC2,6.42,51.65,0
32ULC3,7.18,52.11,0
32ULC4,7.19,51.66,0
32ULD1,6.38,52.99,0
32ULD2,6.39,52.54,0
32ULD3,7.14,53.01,0
32ULD4,7.16,52.56,0
32ULE2,6.37,53.44,0
32ULE3,7.1,53.91,0
32ULE4,7.12,53.46,0
32ULU1,6.63,48.5,0
32ULU2,6.65,48.05,0
32ULU3,7.31,48.51,0
32ULU4,7.32,48.06,0
32ULV1,6.47,49.4,0
32ULV2,6.48,48.95,0
32ULV3,7.28,49.41,0
32ULV4,7.29,48.96,0
32UMA1,7.95,50.32,0
32UMA2,7.96,49.87,0
32UMA3,8.65,50.33,0
32UMA4,8.65,49.88,0
32UMB1,7.93,51.22,0
32UMB2,7.94,50.77,0
32UMB3,8.64,51.22,0
32UMB4,8.65,50.78,0
32UMC1,7.91,52.12,0
32UMC2,7.92,51.67,0
32UMC3,8.64,52.12,0
32UMC4,8.64,51.67,0
32UMD1,7.88,53.02,0
32UMD2,7.89,52.57,0
32UMD3,8.63,53.02,0
32UMD4,8.63,52.57,0
32UME1,7.86,53.92,0
32UME2,7.87,53.47,0
32UME3,8.62,53.92,0
32UME4,8.62,53.47,0
32UMF2,7.85,54.37,0
32UMF3,8.61,54.82,0
32UMF4,8.62,54.37,0
32UMG1,7.81,55.71,0
32UMG3,8.6,55.72,0
32UMG4,8.61,55.27,0
32UMU1,7.98,48.52,0
32UMU2,7.99,48.07,0
32UMU3,8.66,48.53,0
32UMU4,8.66,48.08,0
32UMV1,7.97,49.42,0
32UMV2,7.98,48.97,0
32UMV3,8.66,49.43,0
32UMV4,8.66,48.98,0
32UNA2,9.35,49.88,0
32UNA3,10.05,50.32,0
32UNA4,10.04,49.87,0
32UNB1,9.36,51.22,0
32UNB2,9.36,50.78,0
32UNB3,10.07,51.22,0
32UNB4,10.06,50.77,0
32UNC1,9.37,52.12,0
32UNC2,9.36,51.67,0
32UNC3,10.1,52.12,0
32UNC4,10.09,51.67,0
32UND1,9.37,53.02,0
32UND2,9.37,52.57,0
32UND3,10.12,53.02,0
32UND4,10.11,52.57,0
32UNE1,9.38,53.92,0
32UNE2,9.38,53.47,0
32UNE3,10.14,53.92,0
32UNE4,10.13,53.47,0
32UNF1,9.39,54.82,0
32UNF2,9.39,54.37,0
32UNF3,10.17,54.82,0
32UNF4,10.15,54.37,0
32UNG1,9.4,55.72,0
32UNG2,9.39,55.27,0
32UNG3,10.19,55.71,0
32UNG4,10.18,55.26,0
32UNU1,9.34,48.53,0
32UNU2,9.34,48.08,0
32UNU3,10.02,48.52,0
32UNU4,10.01,48.07,0
32UNV1,9.35,49.43,0
32UNV2,9.34,48.98,0
32UNV3,10.03,49.42,0
32UNV4,10.03,48.97,0
32UPA1,10.76,50.31,0
32UPA2,10.74,49.86,0
32UPA3,11.55,50.3,0
32UPA4,11.54,49.85,0
32UPB1,10.79,51.21,0
32UPB2,10.77,50.76,0
32UPB3,11.57,51.2,0
32UPB4,11.56,50.75,0
32UPC1,10.83,52.11,0
32UPC2,10.81,51.66,0
32UPC3,11.6,52.1,0
32UPC4,11.58,51.65,0
32UPD1,10.86,53.01,0
32UPD2,10.84,52.56,0
32UPD3,11.62,52.99,0
32UPD4,11.61,52.54,0
32UPE1,10.9,53.91,0
32UPE2,10.88,53.46,0
32UPE3,11.64,53.89,0
32UPE4,11.63,53.44,0
32UPF1,10.95,54.81,0
32UPF2,10.92,54.36,0
32UPF3,11.67,54.79,0
32UPF4,11.65,54.34,0
32UPG1,10.99,55.7,0
32UPG2,10.97,55.25,0
32UPG3,11.69,55.69,0
32UPG4,11.68,55.24,0
32UPU1,10.69,48.51,0
32UPU2,10.68,48.06,0
32UPU3,11.37,48.5,0
32UPU4,11.35,48.05,0
32UPV1,10.72,49.41,0
32UPV2,10.71,48.96,0
32UPV3,11.53,49.4,0
32UPV4,11.53,48.95,0
32UQU1,12,48.5,0
32UQU2,12,48.05,0
32VLK3,6.86,58.4,0
32VLK4,6.89,57.95,0
32VLL3,6.81,59.29,0
32VLL4,6.83,58.84,0
32VLM3,6.75,60.19,0
32VLM4,6.78,59.74,0
32VLN3,6.68,61.09,0
32VLN4,6.71,60.64,0
32VLP3,6.61,61.98,0
32VLP4,6.65,61.54,0
32VLQ3,6.54,62.88,0
32VLQ4,6.58,62.43,0
32VMH1,7.78,56.61,0
32VMH2,7.79,56.16,0
32VMH3,8.59,56.62,0
32VMH4,8.6,56.17,0
32VMJ4,8.59,57.07,0
32VMK1,7.72,58.41,0
32VMK2,7.73,57.96,0
32VMK3,8.57,58.41,0
32VMK4,8.58,57.96,0
32VML1,7.68,59.31,0
32VML2,7.7,58.86,0
32VML3,8.56,59.31,0
32VML4,8.57,58.86,0
32VMM2,7.67,59.75,0
32VMM3,8.55,60.21,0
32VMM4,8.56,59.76,0
32VMN1,7.61,61.1,0
32VMN2,7.63,60.65,0
32VMN3,8.54,61.11,0
32VMN4,8.54,60.66,0
32VMP1,7.57,62,0
32VMP2,7.59,61.55,0
32VMP3,8.52,62,0
32VMP4,8.53,61.56,0
32VMQ1,7.52,62.89,0
32VMQ2,7.55,62.45,0
32VMQ3,8.51,62.9,0
32VMQ4,8.52,62.45,0
32VMR2,7.5,63.34,0
32VMR3,8.49,63.8,0
32VMR4,8.5,63.35,0
32VNH1,9.41,56.62,0
32VNH2,9.4,56.17,0
32VNH3,10.22,56.61,0
32VNH4,10.21,56.16,0
32VNJ1,9.42,57.52,0
32VNJ2,9.41,57.07,0
32VNJ3,10.25,57.51,0
32VNJ4,10.24,57.06,0
32VNK1,9.43,58.41,0
32VNK4,10.27,57.96,0
32VNL1,9.44,59.31,0
32VNL2,9.43,58.86,0
32VNL3,10.32,59.31,0
32VNL4,10.3,58.86,0
32VNM1,9.45,60.21,0
32VNM2,9.45,59.76,0
32VNM3,10.35,60.2,0
32VNM4,10.34,59.75,0
32VNN1,9.46,61.11,0
32VNN2,9.46,60.66,0
32VNN3,10.39,61.1,0
32VNN4,10.37,60.65,0
32VNP1,9.48,62,0
32VNP2,9.47,61.56,0
32VNP3,10.43,62,0
32VNP4,10.41,61.55,0
32VNQ1,9.49,62.9,0
32VNQ2,9.49,62.45,0
32VNQ3,10.48,62.89,0
32VNQ4,10.45,62.45,0
32VNR1,9.51,63.8,0
32VNR2,9.5,63.35,0
32VNR3,10.52,63.79,0
32VNR4,10.5,63.34,0
32VPH1,11.04,56.6,0
32VPH2,11.01,56.15,0
32VPH3,11.72,56.59,0
32VPH4,11.71,56.14,0
32VPJ1,11.09,57.5,0
32VPJ2,11.06,57.05,0
32VPK3,12,58.39,0
32VPK4,12,57.94,0
32VPL1,11.2,59.29,0
32VPL2,11.17,58.84,0
32VPL3,12,59.29,0
32VPL4,12,58.84,0
32VPM1,11.4,60.19,0
32VPM2,11.39,59.74,0
32VPN1,11.43,61.09,0
32VPN2,11.42,60.64,0
32VPP1,11.46,61.98,0
32VPP2,11.44,61.53,0
32VPQ1,11.48,62.88,0
32VPQ2,11.47,62.43,0
32VPR1,11.52,63.78,0
32VPR2,11.5,63.33,0
32WNS2,9.52,64.25,0
32WNS3,10.57,64.69,0
32WNS4,10.55,64.24,0
32WPS1,11.55,64.68,0
32WPS2,11.53,64.23,0
32WPT1,11.58,65.57,0
32WPU2,11.6,66.02,0
32WUQ3,12,67.36,0
32WUR4,11.64,66.92,0
33STB3,12.37,37.69,0
33STC4,12.36,38.14,1
33SUB1,13.02,37.7,0
33SUB2,13.03,37.25,0
33SUB3,13.58,37.71,0
33SUB4,13.59,37.26,0
33SUC1,12.99,38.61,0
33SUC2,13,38.16,0
33SUC4,13.57,38.16,0
33SVA1,14.16,36.82,0
33SVA3,14.72,36.82,0
33SVB1,14.15,37.72,1
33SVB2,14.15,37.27,1
33SVB3,14.72,37.72,0
33SVB4,14.72,37.27,1
33SVC1,14.14,38.62,0
33SVC2,14.14,38.17,1
33SVC3,14.71,38.62,1
33SVC4,14.72,38.17,1
33SVV1,14.38,35.95,0
33SWA1,15.28,36.82,0
33SWB1,15.28,37.72,0
33SWB2,15.28,37.27,0
33SWC1,15.29,38.62,1
33SWC2,15.29,38.17,1
33SWC4,15.86,38.17,1
33SWE2,15.29,39.97,1
33SWE4,15.88,39.97,0
33SXC1,16.44,38.61,1
33SXD2,16.45,39.06,1
33SXE2,16.46,39.97,1
33TTG3,12.29,42.19,1
33TTG4,12.3,41.74,1
33TTH3,12.27,43.09,1
33TTJ3,12.25,43.99,0
33TTJ4,12.26,43.54,1
33TTK3,12.23,44.89,0
33TTK4,12.24,44.44,0
33TTL3,12.21,45.79,0
33TTL4,12.22,45.34,0
33TUF1,12.91,41.31,0
33TUF3,13.51,41.32,1
33TUG1,12.88,42.21,0
33TUG2,12.9,41.76,0
33TUG3,13.49,42.22,0
33TUG4,13.5,41.77,1
33TUH1,12.85,43.11,0
33TUH2,12.87,42.66,0
33TUJ1,12.82,44.01,0
33TUJ2,12.83,43.56,0
33TUK3,13.42,44.92,0
33TUL1,12.75,45.81,0
33TUL2,12.77,45.36,0
33TUL3,13.39,45.82,0
33TUL4,13.4,45.37,0
33TUM1,12.71,46.7,0
33TUM2,12.73,46.26,0
33TUM3,13.37,46.72,0
33TUM4,13.38,46.27,0
33TUN1,12.67,47.6,0
33TUN2,12.69,47.15,0
33TUN3,13.34,47.62,0
33TUN4,13.35,47.17,0
33TVE1,14.12,40.42,0
33TVE3,14.71,40.42,0
33TVF1,14.1,41.32,0
33TVF2,14.11,40.87,1
33TVF3,14.7,41.33,0
33TVF4,14.7,40.88,0
33TVG1,14.09,42.22,1
33TVG2,14.1,41.77,0
33TVG4,14.7,41.78,0
33TVH2,14.09,42.67,1
33TVK1,14.05,44.92,0
33TVK2,14.06,44.47,0
33TVK3,14.68,44.93,0
33TVK4,14.69,44.48,0
33TVL1,14.04,45.82,0
33TVL2,14.04,45.37,0
33TVL3,14.68,45.83,0
33TVL4,14.68,45.38,0
33TVM1,14.02,46.72,0
33TVM2,14.03,46.27,0
33TVM3,14.67,46.73,0
33TVM4,14.68,46.28,0
33TVN1,14,47.62,0
33TVN2,14.01,47.17,0
33TVN3,14.67,47.63,0
33TVN4,14.67,47.18,0
33TWE1,15.3,40.42,1
33TWE3,15.88,40.42,0
33TWF1,15.3,41.33,0
33TWF2,15.3,40.88,0
33TWF3,15.9,41.32,0
33TWF4,15.89,40.87,1
33TWG2,15.3,41.78,1
33TWG4,15.9,41.77,1
33TWH3,15.92,43.12,0
33TWJ1,15.31,44.03,0
33TWJ3,15.94,44.02,0
33TWJ4,15.93,43.57,0
33TWK1,15.32,44.93,0
33TWK2,15.31,44.48,0
33TWK3,15.95,44.92,0
33TWK4,15.94,44.47,0
33TWL1,15.32,45.83,0
33TWL2,15.32,45.38,0
33TWL3,15.97,45.82,0
33TWL4,15.96,45.37,0
33TWM1,15.33,46.73,0
33TWM2,15.32,46.28,0
33TWM3,15.98,46.72,0
33TWM4,15.97,46.27,0
33TWN1,15.33,47.63,0
33TWN2,15.33,47.18,0
33TWN3,16,47.62,0
33TWN4,15.99,47.17,0
33TXE1,16.47,40.42,1
33TXE3,17.06,40.41,1
33TXF2,16.48,40.87,1
33TXF3,17.09,41.31,1
33TXF4,17.08,40.86,1
33TXH1,16.54,43.12,0
33TXH3,17.15,43.11,0
33TXH4,17.14,42.66,0
33TXJ1,16.56,44.02,0
33TXJ2,16.55,43.57,0
33TXJ3,17.18,44.01,0
33TXJ4,17.17,43.56,0
33TXK1,16.58,44.92,0
33TXK2,16.57,44.47,0
33TXK3,17.22,44.91,0
33TXK4,17.2,44.46,0
33TXL1,16.61,45.82,0
33TXL2,16.6,45.37,0
33TXL3,17.25,45.81,0
33TXL4,17.23,45.36,0
33TXM1,16.64,46.72,0
33TXM2,16.62,46.27,0
33TXM3,17.29,46.7,0
33TXM4,17.27,46.26,0
33TXN1,16.66,47.62,0
33TXN2,16.65,47.17,0
33TXN3,17.33,47.6,0
33TXN4,17.31,47.15,0
33TYE1,17.68,40.39,1
33TYH1,17.73,43.09,0
33TYH2,17.72,42.64,0
33TYJ2,17.74,43.54,0
33TYK1,17.77,44.89,0
33TYK2,17.76,44.44,0
33TYL1,17.79,45.79,0
33TYL2,17.78,45.34,0
33TYM1,18,46.7,0
33TYM2,18,46.25,0
33TYN1,18,47.6,0
33TYN2,18,47.15,0
33UUA1,12.33,54.79,0
33UUA2,12.35,54.34,0
33UUA3,13.06,54.81,0
33UUA4,13.08,54.36,0
33UUB1,12.31,55.69,0
33UUB2,12.32,55.24,0
33UUB3,13.01,55.7,0
33UUB4,13.03,55.25,0
33UUP1,12.63,48.5,0
33UUP2,12.65,48.05,0
33UUP3,13.31,48.51,0
33UUP4,13.32,48.06,0
33UUQ1,12.47,49.4,0
33UUQ2,12.48,48.95,0
33UUQ3,13.28,49.41,0
33UUQ4,13.29,48.96,0
33UUR1,12.45,50.3,0
33UUR2,12.46,49.85,0
33UUR3,13.24,50.31,0
33UUR4,13.26,49.86,0
33UUS1,12.43,51.2,0
33UUS2,12.44,50.75,0
33UUS3,13.21,51.21,0
33UUS4,13.23,50.76,0
33UUT1,12.41,52.1,0
33UUT2,12.42,51.65,0
33UUT3,13.18,52.11,0
33UUT4,13.19,51.66,0
33UUU1,12.38,52.99,0
33UUU2,12.39,52.54,0
33UUU3,13.14,53.01,0
33UUU4,13.16,52.56,0
33UUV1,12.36,53.89,0
33UUV2,12.37,53.44,0
33UUV3,13.1,53.91,0
33UUV4,13.12,53.46,0
33UVA2,13.85,54.37,0
33UVA3,14.61,54.82,0
33UVB1,13.81,55.71,0
33UVB2,13.82,55.26,0
33UVB4,14.61,55.27,0
33UVP1,13.98,48.52,0
33UVP2,13.99,48.07,0
33UVP3,14.66,48.53,0
33UVP4,14.66,48.08,0
33UVQ1,13.97,49.42,0
33UVQ2,13.98,48.97,0
33UVQ3,14.66,49.43,0
33UVQ4,14.66,48.98,0
33UVR1,13.95,50.32,0
33UVR2,13.96,49.87,0
33UVR3,14.65,50.33,0
33UVR4,14.65,49.88,0
33UVS1,13.93,51.22,0
33UVS2,13.94,50.77,0
33UVS3,14.64,51.22,0
33UVS4,14.65,50.78,0
33UVT1,13.91,52.12,0
33UVT2,13.92,51.67,0
33UVT3,14.64,52.12,0
33UVT4,14.64,51.67,0
33UVU1,13.88,53.02,0
33UVU2,13.89,52.57,0
33UVU3,14.63,53.02,0
33UVU4,14.63,52.57,0
33UVV1,13.86,53.92,0
33UVV2,13.87,53.47,0
33UVV3,14.62,53.92,0
33UVV4,14.62,53.47,0
33UWA1,15.39,54.82,0
33UWA2,15.39,54.37,0
33UWA4,16.15,54.37,0
33UWB2,15.39,55.27,0
33UWP1,15.34,48.53,0
33UWP2,15.34,48.08,0
33UWP3,16.02,48.52,0
33UWP4,16.01,48.07,0
33UWQ1,15.35,49.43,0
33UWQ2,15.34,48.98,0
33UWQ3,16.03,49.42,0
33UWQ4,16.03,48.97,0
33UWR1,15.35,50.33,0
33UWR2,15.35,49.88,0
33UWR3,16.05,50.32,0
33UWR4,16.04,49.87,0
33UWS1,15.36,51.22,0
33UWS2,15.36,50.78,0
33UWS3,16.07,51.22,0
33UWS4,16.06,50.77,0
33UWT1,15.37,52.12,0
33UWT2,15.36,51.67,0
33UWT3,16.1,52.12,0
33UWT4,16.09,51.67,0
33UWU1,15.37,53.02,0
33UWU2,15.37,52.57,0
33UWU3,16.12,53.02,0
33UWU4,16.11,52.57,0
33UWV1,15.38,53.92,0
33UWV2,15.38,53.47,0
33UWV3,16.14,53.92,0
33UWV4,16.13,53.47,0
33UXA1,16.95,54.81,0
33UXA2,16.92,54.36,0
33UXA3,17.67,54.79,0
33UXA4,17.65,54.34,0
33UXP1,16.69,48.51,0
33UXP2,16.68,48.06,0
33UXP3,17.37,48.5,0
33UXP4,17.35,48.05,0
33UXQ1,16.72,49.41,0
33UXQ2,16.71,48.96,0
33UXQ3,17.53,49.4,0
33UXQ4,17.53,48.95,0
33UXR1,16.76,50.31,0
33UXR2,16.74,49.86,0
33UXR3,17.55,50.3,0
33UXR4,17.54,49.85,0
33UXS1,16.79,51.21,0
33UXS2,16.77,50.76,0
33UXS3,17.57,51.2,0
33UXS4,17.56,50.75,0
33UXT1,16.83,52.11,0
33UXT2,16.81,51.66,0
33UXT3,17.6,52.1,0
33UXT4,17.58,51.65,0
33UXU1,16.86,53.01,0
33UXU2,16.84,52.56,0
33UXU3,17.62,52.99,0
33UXU4,17.61,52.54,0
33UXV1,16.9,53.91,0
33UXV2,16.88,53.46,0
33UXV3,17.64,53.89,0
33UXV4,17.63,53.44,0
33UYP1,18,48.5,0
33UYP2,18,48.05,0
33VUC2,12.29,56.14,0
33VUC3,12.96,56.6,0
33VUC4,12.99,56.15,0
33VUD1,12.25,57.49,0
33VUD2,12.26,57.04,0
33VUD3,12.91,57.5,0
33VUD4,12.94,57.05,0
33VUE3,12.86,58.4,0
33VUE4,12.89,57.95,0
33VUF3,12.81,59.29,0
33VUF4,12.83,58.84,0
33VUG3,12.6,60.19,0
33VUG4,12.61,59.74,0
33VUH3,12.57,61.09,0
33VUH4,12.59,60.64,0
33VUJ3,12.55,61.98,0
33VUJ4,12.56,61.53,0
33VUK3,12.52,62.88,0
33VUK4,12.53,62.43,0
33VUL3,12.49,63.78,0
33VUL4,12.5,63.33,0
33VVC1,13.78,56.61,0
33VVC2,13.79,56.16,0
33VVC3,14.59,56.62,0
33VVC4,14.6,56.17,0
33VVD1,13.75,57.51,0
33VVD2,13.76,57.06,0
33VVD3,14.58,57.51,0
33VVD4,14.59,57.07,0
33VVE1,13.72,58.41,0
33VVE2,13.73,57.96,0
33VVE3,14.57,58.41,0
33VVE4,14.58,57.96,0
33VVF1,13.68,59.31,0
33VVF2,13.7,58.86,0
33VVF3,14.56,59.31,0
33VVF4,14.57,58.86,0
33VVG1,13.65,60.2,0
33VVG2,13.67,59.75,0
33VVG3,14.55,60.21,0
33VVG4,14.56,59.76,0
33VVH1,13.61,61.1,0
33VVH2,13.63,60.65,0
33VVH3,14.54,61.11,0
33VVH4,14.54,60.66,0
33VVJ1,13.57,62,0
33VVJ2,13.59,61.55,0
33VVJ3,14.52,62,0
33VVJ4,14.53,61.56,0
33VVK1,13.52,62.89,0
33VVK2,13.55,62.45,0
33VVK3,14.51,62.9,0
33VVK4,14.52,62.45,0
33VVL1,13.48,63.79,0
33VVL2,13.5,63.34,0
33VVL3,14.49,63.8,0
33VVL4,14.5,63.35,0
33VWC1,15.41,56.62,0
33VWC2,15.4,56.17,0
33VWC3,16.22,56.61,0
33VWD1,15.42,57.51,0
33VWD2,15.41,57.07,0
33VWD3,16.25,57.51,0
33VWD4,16.24,57.06,0
33VWE1,15.43,58.41,0
33VWE2,15.42,57.96,0
33VWE3,16.28,58.41,0
33VWE4,16.27,57.96,0
33VWF1,15.44,59.31,0
33VWF2,15.43,58.86,0
33VWF3,16.32,59.31,0
33VWF4,16.3,58.86,0
33VWG1,15.45,60.21,0
33VWG2,15.45,59.76,0
33VWG3,16.35,60.2,0
33VWG4,16.34,59.75,0
33VWH1,15.46,61.11,0
33VWH2,15.46,60.66,0
33VWH3,16.39,61.1,0
33VWH4,16.37,60.65,0
33VWJ1,15.48,62,0
33VWJ2,15.47,61.56,0
33VWJ3,16.43,62,0
33VWJ4,16.41,61.55,0
33VWK1,15.49,62.9,0
33VWK2,15.49,62.45,0
33VWK3,16.48,62.89,0
33VWK4,16.45,62.45,0
33VWL1,15.51,63.8,0
33VWL2,15.5,63.35,0
33VWL3,16.52,63.79,0
33VWL4,16.5,63.34,0
33VXD2,17.06,57.05,0
33VXF1,17.2,59.29,0
33VXF2,17.17,58.84,0
33VXF3,18,59.29,0
33VXF4,18,58.84,0
33VXG1,17.4,60.19,0
33VXG2,17.39,59.74,0
33VXH1,17.43,61.09,0
33VXH2,17.42,60.64,0
33VXJ1,17.46,61.98,0
33VXJ2,17.44,61.53,0
33VXK1,17.48,62.88,0
33VXK2,17.47,62.43,0
33VXL1,17.52,63.78,0
33VXL2,17.5,63.33,0
33WUM3,12.45,64.68,0
33WUM4,12.47,64.23,0
33WUN3,12.42,65.57,0
33WUP3,12.38,66.47,0
33WUP4,12.4,66.02,0
33WUQ4,12.36,66.92,0
33WVM1,13.43,64.69,0
33WVM2,13.45,64.24,0
33WVM3,14.48,64.7,0
33WVM4,14.48,64.25,0
33WVN2,13.4,65.14,0
33WVN3,14.46,65.59,0
33WVN4,14.47,65.15,0
33WVP1,13.32,66.48,0
33WVP2,13.35,66.03,0
33WVP3,14.44,66.49,0
33WVP4,14.45,66.04,0
33WVQ1,13.25,67.38,0
33WVQ2,13.28,66.93,0
33WVQ3,14.42,67.39,0
33WVQ4,14.43,66.94,0
33WVR1,13.18,68.28,0
33WVR2,13.22,67.83,0
33WVR3,14.39,68.28,0
33WVR4,14.41,67.84,0
33WVS4,14.38,68.73,0
33WWM1,15.52,64.7,0
33WWM2,15.52,64.25,0
33WWM3,16.57,64.69,0
33WWM4,16.55,64.24,0
33WWN1,15.54,65.59,0
33WWN2,15.53,65.15,0
33WWN3,16.63,65.59,0
33WWN4,16.6,65.14,0
33WWP1,15.56,66.49,0
33WWP2,15.55,66.04,0
33WWP3,16.69,66.48,0
33WWP4,16.66,66.03,0
33WWQ1,15.58,67.39,0
33WWQ2,15.57,66.94,0
33WWQ3,16.75,67.38,0
33WWQ4,16.72,66.93,0
33WWR1,15.61,68.28,0
33WWR2,15.59,67.84,0
33WWR3,16.82,68.28,0
33WWR4,16.78,67.83,0
33WWS1,15.63,69.18,0
33WWS2,15.62,68.73,0
33WWS3,17.13,69.17,0
33WWS4,16.85,68.72,0
33WWT3,17.16,70.07,0
33WXM1,17.55,64.68,0
33WXM2,17.53,64.23,0
33WXN1,17.58,65.57,0
33WXN2,17.57,65.12,0
33WXP1,17.62,66.47,0
33WXP2,17.6,66.02,0
33WXQ1,18,67.37,0
33WXQ2,17.64,66.92,0
33WXR1,18,68.27,0
33WXR2,18,67.82,0
33XVF3,13.99,77.25,0
33XVG1,11.73,78.13,0
33XVG3,13.91,78.14,0
33XVG4,13.95,77.7,0
33XVH1,11.47,79.02,0
33XVH2,11.61,78.57,0
33XVH3,13.82,79.04,0
33XVH4,13.87,78.59,0
33XVJ1,11.16,79.91,0
33XVJ2,11.32,79.47,0
33XVJ3,13.72,79.93,0
33XVJ4,13.77,79.49,0
33XWF1,16.02,77.25,0
33XWF2,15.98,76.8,0
33XWF3,18.04,77.23,0
33XWG1,16.09,78.14,0
33XWG2,16.05,77.7,0
33XWG3,18.27,78.13,0
33XWG4,18.15,77.68,0
33XWH1,16.18,79.04,0
33XWH2,16.13,78.59,0
33XWH4,18.39,78.57,0
33XWJ1,16.28,79.93,0
33XWJ2,16.23,79.49,0
33XWJ3,18.84,79.91,0
33XWJ4,18.68,79.47,0
33XWK4,19.02,80.36,0
33XXH2,20.26,78.55,0
33XXJ2,21,79.45,0
33XXK1,21,80.79,0
33XXK2,21,80.35,0
34SBK4,18.33,39.94,1
34SDH3,20.71,38.62,0
34SDJ1,20.13,39.52,0
34SDJ2,20.13,39.07,0
34SDJ3,20.71,39.52,0
34SDJ4,20.71,39.07,0
34SDK2,20.12,39.97,0
34SDK4,20.71,39.97,0
34SEF3,21.84,36.82,0
34SEG1,21.28,37.72,0
34SEG2,21.28,37.27,0
34SEG3,21.85,37.72,0
34SEG4,21.85,37.27,0
34SEH1,21.29,38.62,0
34SEH2,21.29,38.17,0
34SEH3,21.86,38.62,0
34SEH4,21.86,38.17,0
34SEJ1,21.29,39.52,0
34SEJ2,21.29,39.07,0
34SEJ3,21.87,39.52,0
34SEJ4,21.87,39.07,0
34SEK2,21.29,39.97,0
34SEK4,21.88,39.97,0
34SFF1,22.4,36.81,0
34SFF2,22.39,36.36,0
34SFF3,22.96,36.8,0
34SFF4,22.95,36.35,0
34SFG1,22.42,37.71,0
34SFG2,22.41,37.26,0
34SFG3,22.99,37.7,0
34SFG4,22.97,37.25,0
34SFH1,22.44,38.61,0
34SFH2,22.43,38.16,0
34SFH3,23.01,38.61,0
34SFH4,23,38.16,0
34SFJ1,22.45,39.52,0
34SFJ2,22.45,39.06,0
34SFJ3,23.04,39.51,0
34SFJ4,23.02,39.06,0
34SFK2,22.46,39.97,0
34SFK4,23.05,39.96,0
34SGE2,23.48,35.44,0
34SGE4,24,35.44,0
34SGG1,23.63,37.69,0
34SGG2,23.63,37.24,0
34SGH1,23.65,38.59,0
34SGH2,23.64,38.14,0
34SGJ2,23.66,39.04,0
34SGK2,23.67,39.94,0
34TBK3,18.32,40.39,1
34TBN3,18.27,43.09,0
34TBN4,18.28,42.64,0
34TBP3,18.25,43.99,0
34TBQ3,18.23,44.89,0
34TBQ4,18.24,44.44,0
34TBR3,18.21,45.79,0
34TBR4,18.22,45.34,0
34TCM1,18.88,42.21,0
34TCM4,19.5,41.77,0
34TCN3,19.46,43.12,0
34TCN4,19.48,42.67,0
34TCP2,18.83,43.56,0
34TCP3,19.44,44.02,0
34TCP4,19.45,43.57,0
34TCQ1,18.78,44.91,0
34TCQ3,19.42,44.92,0
34TCQ4,19.43,44.47,0
34TCR1,18.75,45.81,0
34TCR2,18.77,45.36,0
34TCR3,19.39,45.82,0
34TCR4,19.4,45.37,0
34TCS1,18.71,46.7,0
34TCS2,18.73,46.26,0
34TCS3,19.37,46.72,0
34TCS4,19.38,46.27,0
34TCT1,18.67,47.6,0
34TCT2,18.69,47.15,0
34TCT3,19.34,47.62,0
34TCT4,19.35,47.17,0
34TDK3,20.71,40.42,0
34TDL3,20.7,41.33,0
34TDL4,20.7,40.88,0
34TDM3,20.7,42.23,0
34TDM4,20.7,41.78,0
34TDN3,20.69,43.13,0
34TDP1,20.06,44.02,0
34TDP2,20.07,43.57,0
34TDP3,20.69,44.03,0
34TDP4,20.69,43.58,0
34TDQ1,20.05,44.92,0
34TDQ2,20.06,44.47,0
34TDQ3,20.68,44.93,0
34TDR1,20.04,45.82,0
34TDR2,20.04,45.37,0
34TDR3,20.68,45.83,0
34TDR4,20.68,45.38,0
34TDS1,20.02,46.72,0
34TDS2,20.03,46.27,0
34TDS3,20.67,46.73,0
34TDT1,20,47.62,0
34TDT2,20.01,47.17,0
34TDT3,20.67,47.63,0
34TDT4,20.67,47.18,0
34TEK1,21.3,40.42,0
34TEK3,21.88,40.42,0
34TEL1,21.3,41.33,0
34TEL2,21.3,40.88,0
34TEL3,21.9,41.32,0
34TEL4,21.89,40.87,0
34TEM1,21.3,42.23,0
34TEM2,21.3,41.78,0
34TEM3,21.91,42.22,0
34TEM4,21.9,41.77,0
34TEN1,21.31,43.13,0
34TEN3,21.92,43.12,0
34TEP1,21.31,44.03,0
34TEP3,21.94,44.02,0
34TEP4,21.93,43.57,0
34TEQ1,21.32,44.93,0
34TEQ2,21.31,44.48,0
34TEQ4,21.94,44.47,0
34TET1,21.33,47.63,0
34TFK1,22.47,40.42,0
34TFK3,23.06,40.41,0
34TFL1,22.49,41.32,0
34TFL2,22.48,40.87,0
34TFL3,23.09,41.31,0
34TFL4,23.08,40.86,0
34TFM3,23.12,42.21,0
34TFM4,23.11,41.76,0
34TFN4,23.14,42.66,0
34TGK1,23.68,40.39,0
34TGL1,23.69,41.29,0
34TGL2,23.69,40.84,0
34TGM2,23.7,41.74,0
34TGN1,23.73,43.09,0
34TGN2,23.72,42.64,0
34UCA1,18.45,50.3,0
34UCA2,18.46,49.85,0
34UCA3,19.24,50.31,0
34UCA4,19.26,49.86,0
34UCB1,18.43,51.2,0
34UCB2,18.44,50.75,0
34UCB3,19.21,51.21,0
34UCB4,19.23,50.76,0
34UCC1,18.41,52.1,0
34UCC2,18.42,51.65,0
34UCC3,19.18,52.11,0
34UCC4,19.19,51.66,0
34UCD1,18.38,52.99,0
34UCD2,18.39,52.54,0
34UCD3,19.14,53.01,0
34UCD4,19.16,52.56,0
34UCE1,18.36,53.89,0
34UCE2,18.37,53.44,0
34UCE3,19.1,53.91,0
34UCE4,19.12,53.46,0
34UCF1,18.33,54.79,0
34UCF2,18.35,54.34,0
34UCF3,19.06,54.81,0
34UCF4,19.08,54.36,0
34UCU1,18.63,48.5,0
34UCU2,18.65,48.05,0
34UCU3,19.31,48.51,0
34UCU4,19.32,48.06,0
34UCV1,18.47,49.4,0
34UCV2,18.48,48.95,0
34UCV3,19.28,49.41,0
34UCV4,19.29,48.96,0
34UDA1,19.95,50.32,0
34UDA2,19.96,49.87,0
34UDA3,20.65,50.33,0
34UDA4,20.65,49.88,0
34UDB1,19.93,51.22,0
34UDB2,19.94,50.77,0
34UDB3,20.64,51.22,0
34UDB4,20.65,50.78,0
34UDC1,19.91,52.12,0
34UDC2,19.92,51.67,0
34UDC3,20.64,52.12,0
34UDC4,20.64,51.67,0
34UDD1,19.88,53.02,0
34UDD2,19.89,52.57,0
34UDD3,20.63,53.02,0
34UDD4,20.63,52.57,0
34UDE1,19.86,53.92,0
34UDE2,19.87,53.47,0
34UDE3,20.62,53.92,0
34UDE4,20.62,53.47,0
34UDF2,19.85,54.37,0
34UDF4,20.62,54.37,0
34UDG4,20.61,55.27,0
34UDU1,19.98,48.52,0
34UDU2,19.99,48.07,0
34UDU3,20.66,48.53,0
34UDU4,20.66,48.08,0
34UDV1,19.97,49.42,0
34UDV2,19.98,48.97,0
34UDV3,20.66,49.43,0
34UDV4,20.66,48.98,0
34UEA1,21.35,50.33,0
34UEA2,21.35,49.88,0
34UEA3,22.05,50.32,0
34UEA4,22.04,49.87,0
34UEB1,21.36,51.22,0
34UEB2,21.36,50.78,0
34UEB3,22.07,51.22,0
34UEB4,22.06,50.77,0
34UEC1,21.37,52.12,0
34UEC2,21.36,51.67,0
34UEC3,22.1,52.12,0
34UEC4,22.09,51.67,0
34UED1,21.37,53.02,0
34UED2,21.37,52.57,0
34UED3,22.12,53.02,0
34UED4,22.11,52.57,0
34UEE1,21.38,53.92,0
34UEE2,21.38,53.47,0
34UEE3,22.14,53.92,0
34UEE4,22.13,53.47,0
34UEF1,21.39,54.82,0
34UEF2,21.39,54.37,0
34UEF3,22.17,54.82,0
34UEF4,22.15,54.37,0
34UEG1,21.4,55.72,0
34UEG2,21.39,55.27,0
34UEG3,22.19,55.71,0
34UEG4,22.18,55.26,0
34UEU1,21.34,48.53,0
34UEU2,21.34,48.08,0
34UEU3,22.02,48.52,0
34UEV1,21.35,49.43,0
34UEV2,21.34,48.98,0
34UEV3,22.03,49.42,0
34UEV4,22.03,48.97,0
34UFA1,22.76,50.31,0
34UFA2,22.74,49.86,0
34UFA3,23.55,50.3,0
34UFA4,23.54,49.85,0
34UFB1,22.79,51.21,0
34UFB2,22.77,50.76,0
34UFB3,23.57,51.2,0
34UFB4,23.56,50.75,0
34UFC2,22.81,51.66,0
34UFD1,22.86,53.01,0
34UFE1,22.9,53.91,0
34UFE2,22.88,53.46,0
34UFF1,22.95,54.81,0
34UFF2,22.92,54.36,0
34UFF3,23.67,54.79,0
34UFF4,23.65,54.34,0
34UFG1,22.99,55.7,0
34UFG2,22.97,55.25,0
34UFG3,23.69,55.69,0
34UFG4,23.68,55.24,0
34UFV1,22.72,49.41,0
34UFV2,22.71,48.96,0
34VCJ1,18.48,57.5,0
34VCJ2,18.26,57.04,0
34VCK4,18.89,57.95,0
34VCL3,18.81,59.29,0
34VCM3,18.6,60.19,0
34VCM4,18.61,59.74,0
34VCQ3,18.52,62.88,0
34VCR3,18.49,63.78,0
34VCR4,18.5,63.33,0
34VDH3,20.59,56.62,0
34VDH4,20.6,56.17,0
34VDM1,19.65,60.2,0
34VDM3,20.55,60.21,0
34VDM4,20.56,59.76,0
34VDR1,19.48,63.79,0
34VDR2,19.5,63.34,0
34VDR3,20.49,63.8,0
34VEH1,21.41,56.62,0
34VEH2,21.4,56.17,0
34VEH3,22.22,56.61,0
34VEH4,22.21,56.16,0
34VEJ1,21.42,57.51,0
34VEJ2,21.41,57.07,0
34VEJ3,22.25,57.51,0
34VEJ4,22.24,57.06,0
34VEK1,21.43,58.41,0
34VEK3,22.28,58.41,0
34VEK4,22.27,57.96,0
34VEL4,22.3,58.86,0
34VEM1,21.45,60.21,0
34VEM2,21.45,59.76,0
34VEM3,22.35,60.2,0
34VEM4,22.34,59.75,0
34VEN1,21.46,61.11,0
34VEN2,21.46,60.66,0
34VEN3,22.39,61.1,0
34VEN4,22.37,60.65,0
34VEP1,21.48,62,0
34VEP2,21.47,61.56,0
34VEP3,22.43,62,0
34VEP4,22.41,61.55,0
34VEQ1,21.49,62.9,0
34VEQ2,21.49,62.45,0
34VEQ3,22.48,62.89,0
34VEQ4,22.45,62.45,0
34VER2,21.5,63.35,0
34VER3,22.52,63.79,0
34VER4,22.5,63.34,0
34VFH1,23.04,56.6,0
34VFH2,23.01,56.15,0
34VFH3,23.72,56.59,0
34VFH4,23.71,56.14,0
34VFJ1,23.09,57.5,0
34VFJ2,23.06,57.05,0
34VFJ4,23.74,57.04,0
34VFK1,23.14,58.4,0
34VFK2,23.11,57.95,0
34VFK3,24,58.39,0
34VFK4,24,57.94,0
34VFL1,23.2,59.29,0
34VFL2,23.17,58.84,0
34VFL3,24,59.29,0
34VFL4,24,58.84,0
34VFM1,23.4,60.19,0
34VFM2,23.39,59.74,0
34VFN1,23.43,61.09,0
34VFN2,23.42,60.64,0
34VFP1,23.46,61.98,0
34VFP2,23.44,61.53,0
34VFQ1,23.48,62.88,0
34VFQ2,23.47,62.43,0
34VFR1,23.52,63.78,0
34VFR2,23.5,63.33,0
34WCS3,18.45,64.68,0
34WCS4,18.47,64.23,0
34WCT3,18.42,65.57,0
34WCT4,18.43,65.12,0
34WCU3,18.38,66.47,0
34WCU4,18.4,66.02,0
34WCV4,18.36,66.92,0
34WDA1,19.18,68.28,0
34WDA2,19.22,67.83,0
34WDA3,20.39,68.28,0
34WDA4,20.41,67.84,0
34WDB1,18.87,69.17,0
34WDB2,19.15,68.72,0
34WDB3,20.37,69.18,0
34WDB4,20.38,68.73,0
34WDC2,18.86,69.62,0
34WDC3,20.34,70.08,0
34WDC4,20.36,69.63,0
34WDS1,19.43,64.69,0
34WDS2,19.45,64.24,0
34WDS3,20.48,64.7,0
34WDS4,20.48,64.25,0
34WDT1,19.37,65.59,0
34WDT2,19.4,65.14,0
34WDT3,20.46,65.59,0
34WDT4,20.47,65.15,0
34WDU1,19.32,66.48,0
34WDU2,19.35,66.03,0
34WDU3,20.44,66.49,0
34WDU4,20.45,66.04,0
34WDV1,19.25,67.38,0
34WDV2,19.28,66.93,0
34WDV3,20.42,67.39,0
34WDV4,20.43,66.94,0
34WEA1,21.61,68.28,0
34WEA2,21.59,67.84,0
34WEA3,22.82,68.28,0
34WEA4,22.78,67.83,0
34WEB1,21.63,69.18,0
34WEB2,21.62,68.73,0
34WEB3,23.13,69.17,0
34WEB4,22.85,68.72,0
34WEC1,21.66,70.08,0
34WEC2,21.64,69.63,0
34WEC3,23.16,70.07,0
34WEC4,23.14,69.62,0
34WED2,21.67,70.53,0
34WED3,23.19,70.96,0
34WED4,23.17,70.51,0
34WES1,21.52,64.7,0
34WES2,21.52,64.25,0
34WET1,21.54,65.59,0
34WET2,21.53,65.15,0
34WET3,22.63,65.59,0
34WEU1,21.56,66.49,0
34WEU2,21.55,66.04,0
34WEU3,22.69,66.48,0
34WEU4,22.66,66.03,0
34WEV1,21.58,67.39,0
34WEV2,21.57,66.94,0
34WEV3,22.75,67.38,0
34WEV4,22.72,66.93,0
34WFA1,24,68.27,0
34WFA2,24,67.82,0
34WFB2,24,68.72,0
34WFS2,23.53,64.23,0
34WFU1,23.62,66.47,0
34WFU2,23.6,66.02,0
34WFV1,24,67.37,0
34WFV2,23.64,66.92,0
34XBE1,19.01,74.44,0
35SKA3,24.38,36.79,0
35SKB3,24.37,37.69,0
35SKB4,24.37,37.24,0
35SKC3,24.35,38.59,0
35SKC4,24.36,38.14,0
35SKD3,24.34,39.49,0
35SKD4,24.34,39.04,0
35SKE4,24.33,39.94,0
35SKU3,24.54,34.99,0
35SKV4,24.52,35.44,0
35SLA1,25.04,36.8,0
35SLA3,25.6,36.81,0
35SLB1,25.02,37.7,0
35SLB2,25.03,37.25,0
35SLB3,25.58,37.71,0
35SLB4,25.59,37.26,0
35SLC2,25,38.16,0
35SLD1,24.97,39.51,0
35SLE2,24.95,39.96,0
35SLE4,25.54,39.97,0
35SLU1,25.08,35,0
35SLU3,25.63,35.01,0
35SLV2,25.07,35.45,0
35SLV4,25.62,35.46,0
35SMA3,26.72,36.82,0
35SMB1,26.15,37.72,0
35SMB3,26.72,37.72,0
35SMC1,26.14,38.62,0
35SMC2,26.14,38.17,0
35SMD2,26.13,39.07,0
35SMU1,26.18,35.01,0
35SMV2,26.17,35.47,0
35SNA1,27.28,36.82,0
35SNV3,27.83,35.92,0
35TKE3,24.32,40.39,0
35TKF3,24.31,41.29,0
35TKF4,24.31,40.84,0
35TKG3,24.29,42.19,0
35TKG4,24.3,41.74,0
35TKH4,24.28,42.64,0
35TLE1,24.94,40.41,0
35TLE3,25.53,40.42,0
35TLF1,24.91,41.31,0
35TLF2,24.92,40.86,0
35TLF3,25.51,41.32,0
35TLF4,25.52,40.87,0
35TLG1,24.88,42.21,0
35TLG2,24.9,41.76,0
35TLG3,25.49,42.22,0
35TLG4,25.5,41.77,0
35TLH2,24.87,42.66,0
35TLH4,25.48,42.67,0
35TLJ4,25.45,43.57,0
35TMF1,26.1,41.32,0
35TMG2,26.1,41.77,0
35TMG3,26.7,42.23,0
35TMH2,26.09,42.67,0
35TMH3,26.69,43.13,0
35TMH4,26.7,42.68,0
35TMJ2,26.07,43.57,0
35TMJ4,26.69,43.58,0
35TNG1,27.3,42.23,0
35TNG3,27.91,42.22,0
35TNH1,27.31,43.13,0
35TNH2,27.31,42.68,0
35TNH3,27.92,43.12,0
35TNH4,27.92,42.67,0
35TNJ2,27.31,43.58,0
35TNJ4,27.93,43.57,0
35TNL3,27.97,45.82,0
35TNN1,27.33,47.63,0
35TNN3,28,47.62,0
35TNN4,27.99,47.17,0
35TPJ2,28.55,43.57,0
35TPL1,28.61,45.82,0
35TPL2,28.6,45.37,0
35TPM1,28.64,46.72,0
35TPM2,28.62,46.27,0
35TPM3,29.29,46.7,0
35TPN1,28.66,47.62,0
35TPN2,28.65,47.17,0
35TPN3,29.33,47.6,0
35TPN4,29.31,47.15,0
35TQM1,30,46.7,0
35TQM2,30,46.25,0
35ULA1,24.33,54.79,0
35ULA2,24.35,54.34,0
35ULA3,25.06,54.81,0
35ULB1,24.31,55.69,0
35ULB2,24.32,55.24,0
35ULB3,25.01,55.7,0
35ULB4,25.03,55.25,0
35ULR1,24.45,50.3,0
35ULS2,24.44,50.75,0
35UMB1,25.81,55.71,0
35UMB2,25.82,55.26,0
35UMB3,26.6,55.72,0
35UNB1,27.4,55.72,0
35UNP1,27.34,48.53,0
35UNP2,27.34,48.08,0
35UNP3,28.02,48.52,0
35UNP4,28.01,48.07,0
35UPP2,28.68,48.06,0
35VLC1,24.28,56.59,0
35VLC2,24.29,56.14,0
35VLC3,24.96,56.6,0
35VLC4,24.99,56.15,0
35VLD1,24.25,57.49,0
35VLD2,24.26,57.04,0
35VLD3,24.91,57.5,0
35VLD4,24.94,57.05,0
35VLE3,24.86,58.4,0
35VLE4,24.89,57.95,0
35VLF3,24.81,59.29,0
35VLF4,24.83,58.84,0
35VLG3,24.6,60.19,0
35VLG4,24.61,59.74,0
35VLH3,24.57,61.09,0
35VLH4,24.59,60.64,0
35VLJ3,24.55,61.98,0
35VLJ4,24.56,61.53,0
35VLK3,24.52,62.88,0
35VLK4,24.53,62.43,0
35VLL3,24.49,63.78,0
35VLL4,24.5,63.33,0
35VMC1,25.78,56.61,0
35VMC2,25.79,56.16,0
35VMC3,26.59,56.62,0
35VMC4,26.6,56.17,0
35VMD1,25.75,57.51,0
35VMD2,25.76,57.06,0
35VMD3,26.58,57.51,0
35VMD4,26.59,57.07,0
35VME1,25.72,58.41,0
35VME2,25.73,57.96,0
35VME3,26.57,58.41,0
35VME4,26.58,57.96,0
35VMF1,25.68,59.31,0
35VMF2,25.7,58.86,0
35VMF3,26.56,59.31,0
35VMF4,26.57,58.86,0
35VMG1,25.65,60.2,0
35VMG2,25.67,59.75,0
35VMG3,26.55,60.21,0
35VMG4,26.56,59.76,0
35VMH1,25.61,61.1,0
35VMH2,25.63,60.65,0
35VMH3,26.54,61.11,0
35VMH4,26.54,60.66,0
35VMJ1,25.57,62,0
35VMJ2,25.59,61.55,0
35VMJ3,26.52,62,0
35VMJ4,26.53,61.56,0
35VMK1,25.52,62.89,0
35VMK2,25.55,62.45,0
35VMK3,26.51,62.9,0
35VMK4,26.52,62.45,0
35VML1,25.48,63.79,0
35VML2,25.5,63.34,0
35VML3,26.49,63.8,0
35VML4,26.5,63.35,0
35VNC1,27.41,56.62,0
35VNC2,27.4,56.17,0
35VNC4,28.21,56.16,0
35VND1,27.42,57.51,0
35VND2,27.41,57.07,0
35VNE1,27.43,58.41,0
35VNE2,27.42,57.96,0
35VNF1,27.44,59.31,0
35VNF2,27.43,58.86,0
35VNF3,28.32,59.31,0
35VNG1,27.45,60.21,0
35VNH1,27.46,61.11,0
35VNH2,27.46,60.66,0
35VNH3,28.39,61.1,0
35VNH4,28.37,60.65,0
35VNJ1,27.48,62,0
35VNJ2,27.47,61.56,0
35VNJ3,28.43,62,0
35VNJ4,28.41,61.55,0
35VNK1,27.49,62.9,0
35VNK2,27.49,62.45,0
35VNK3,28.48,62.89,0
35VNK4,28.45,62.45,0
35VNL1,27.51,63.8,0
35VNL2,27.5,63.35,0
35VNL3,28.52,63.79,0
35VNL4,28.5,63.34,0
35VPJ1,29.46,61.98,0
35VPJ2,29.44,61.53,0
35VPK1,29.48,62.88,0
35VPK2,29.47,62.43,0
35VPL1,29.52,63.78,0
35VPL2,29.5,63.33,0
35WLM3,24.45,64.68,0
35WLM4,24.47,64.23,0
35WLN3,24.42,65.57,0
35WLN4,24.43,65.12,0
35WLP3,24.38,66.47,0
35WLP4,24.4,66.02,0
35WLQ4,24.36,66.92,0
35WMM1,25.43,64.69,0
35WMM2,25.45,64.24,0
35WMM3,26.48,64.7,0
35WMM4,26.48,64.25,0
35WMN1,25.37,65.59,0
35WMN2,25.4,65.14,0
35WMN3,26.46,65.59,0
35WMN4,26.47,65.15,0
35WMP1,25.32,66.48,0
35WMP2,25.35,66.03,0
35WMP3,26.44,66.49,0
35WMP4,26.45,66.04,0
35WMQ1,25.25,67.38,0
35WMQ2,25.28,66.93,0
35WMQ3,26.42,67.39,0
35WMQ4,26.43,66.94,0
35WMR1,25.18,68.28,0
35WMR2,25.22,67.83,0
35WMR3,26.39,68.28,0
35WMR4,26.41,67.84,0
35WMS2,25.15,68.72,0
35WMS3,26.37,69.18,0
35WMS4,26.38,68.73,0
35WMT1,24.84,70.07,0
35WMT2,24.86,69.62,0
35WMT4,26.36,69.63,0
35WMU1,24.81,70.96,0
35WMU2,24.83,70.51,0
35WMU4,26.33,70.53,0
35WNM1,27.52,64.7,0
35WNM2,27.52,64.25,0
35WNM3,28.57,64.69,0
35WNM4,28.55,64.24,0
35WNN1,27.54,65.59,0
35WNN2,27.53,65.15,0
35WNN3,28.63,65.59,0
35WNN4,28.6,65.14,0
35WNP1,27.56,66.49,0
35WNP2,27.55,66.04,0
35WNP3,28.69,66.48,0
35WNP4,28.66,66.03,0
35WNQ1,27.58,67.39,0
35WNQ2,27.57,66.94,0
35WNQ3,28.75,67.38,0
35WNQ4,28.72,66.93,0
35WNR1,27.61,68.28,0
35WNR2,27.59,67.84,0
35WNR3,28.82,68.28,0
35WNR4,28.78,67.83,0
35WNS1,27.63,69.18,0
35WNS2,27.62,68.73,0
35WNS3,29.13,69.17,0
35WNS4,28.85,68.72,0
35WNT1,27.66,70.08,0
35WNT2,27.64,69.63,0
35WNT3,29.16,70.07,0
35WNT4,29.14,69.62,0
35WNU1,27.69,70.97,0
35WNU2,27.67,70.53,0
35WNU3,29.19,70.96,0
35WNU4,29.17,70.51,0
35WPM1,29.55,64.68,0
35WPM2,29.53,64.23,0
35WPN1,29.58,65.57,0
35WPN2,29.57,65.12,0
35WPP1,29.62,66.47,0
35WPP2,29.6,66.02,0
35WPQ1,30,67.37,0
35WPQ2,29.64,66.92,0
35WPR2,30,67.82,0
35XLF1,21.97,77.2,0
35XLG2,21.9,77.65,0
35XMF4,25.15,76.57,0
35XMG2,23.85,77.68,0
35XMH4,26.68,78.73,0
35XMJ1,23.16,79.91,0
35XMJ4,25.77,79.49,0
35XMK2,22.98,80.36,0
35XMK4,25.66,80.38,0
35XNH1,28.82,78.89,0
35XNK4,32.52,80.19,0
36VUP3,30.55,61.98,0
36VUQ3,30.52,62.88,0
36VUQ4,30.53,62.43,0
36VUR3,30.49,63.78,0
36VUR4,30.5,63.33,0
36VVQ1,31.52,62.89,0
36VVQ2,31.55,62.45,0
36WUS4,30.47,64.23,0
36WVD2,30.83,70.51,0
CAN001,-15.95,30.13,0
CAN002,-17.84,28.73,0
CAN003,-18.02,27.7,0
CAN004,-17.23,28.15,0
CAN005,-16.56,28.28,0
CAN006,-15.56,28,0
CAN007,-14.03,28.38,0
CAN008,-13.58,29.04,0
CAN009,-13.53,29.38,0
